Pollutant:,VOC,Unit: grams of VOC,,,,,,,,,,,,,,,,,,,,,,,,,,,,,,,,,,
,2015.0,2016.0,2017.0,2018.0,2019.0,2020.0,2021.0,2022.0,2023.0,2024.0,2025.0,2026.0,2027.0,2028.0,2029.0,2030.0,2031.0,2032.0,2033.0,2034.0,2035.0,2036.0,2037.0,2038.0,2039.0,2040.0,2041.0,2042.0,2043.0,2044.0,2045.0,2046.0,2047.0,2048.0,2049.0,2050.0
agriculture and forestry 01T03,0.0,0.0,0.0,0.0,0.0,8902326507.101086,8963613708.437761,9024720653.299917,9543583947.506561,9744931946.545986,9847637287.803425,9928003980.621939,10006276362.331326,10076842563.459024,10154920303.035727,10230637669.55499,10212587756.214226,10218803083.270586,10175425592.234785,10156488088.169798,10134870069.40137,10126588360.965708,10114926345.420536,10115429140.325058,10115396007.99433,10115026105.347702,10111040186.395708,10125719135.852468,10136109033.265694,10150922028.340172,10178128859.477793,10264773379.791088,10352632792.67358,10443207548.86621,10521570490.277103,10602025750.326498
coal mining 05,0.0,0.0,0.0,0.0,0.0,0.0,0.0,0.0,0.0,0.0,0.0,0.0,0.0,0.0,0.0,0.0,0.0,0.0,0.0,0.0,0.0,0.0,0.0,0.0,0.0,0.0,0.0,0.0,0.0,0.0,0.0,0.0,0.0,0.0,0.0,0.0
oil and gas extraction 06,0.0,0.0,0.0,0.0,0.0,21904683.984902307,22300362.82326821,21130302.80901199,21199432.645559214,22938194.468296085,23335525.109763116,22525214.750822116,22971459.14474851,23693352.35374855,24204311.851711124,24862706.640463695,25333288.34349589,25720069.363145288,25902051.300236136,25973106.319085803,26156532.78805507,26123999.58157457,26184011.686841823,26283380.676532034,26307286.727265537,26741629.21862743,26840684.039382294,27077514.080159113,27141819.838393614,27259798.224803466,27458922.55766478,27679392.562690906,27780066.503529545,27667672.770469323,27794310.20679561,28044276.565944597
other mining and quarrying 07T08,0.0,0.0,0.0,0.0,0.0,0.0,0.0,0.0,0.0,0.0,0.0,0.0,0.0,0.0,0.0,0.0,0.0,0.0,0.0,0.0,0.0,0.0,0.0,0.0,0.0,0.0,0.0,0.0,0.0,0.0,0.0,0.0,0.0,0.0,0.0,0.0
food beverage and tobacco 10T12,0.0,0.0,0.0,0.0,0.0,0.0,0.0,0.0,0.0,0.0,0.0,0.0,0.0,0.0,0.0,0.0,0.0,0.0,0.0,0.0,0.0,0.0,0.0,0.0,0.0,0.0,0.0,0.0,0.0,0.0,0.0,0.0,0.0,0.0,0.0,0.0
textiles apparel and leather 13T15,0.0,0.0,0.0,0.0,0.0,0.0,0.0,0.0,0.0,0.0,0.0,0.0,0.0,0.0,0.0,0.0,0.0,0.0,0.0,0.0,0.0,0.0,0.0,0.0,0.0,0.0,0.0,0.0,0.0,0.0,0.0,0.0,0.0,0.0,0.0,0.0
wood products 16,0.0,0.0,0.0,0.0,0.0,0.0,0.0,0.0,0.0,0.0,0.0,0.0,0.0,0.0,0.0,0.0,0.0,0.0,0.0,0.0,0.0,0.0,0.0,0.0,0.0,0.0,0.0,0.0,0.0,0.0,0.0,0.0,0.0,0.0,0.0,0.0
pulp paper and printing 17T18,0.0,0.0,0.0,0.0,0.0,1185836808.7663486,1202925149.8762813,1274472745.8718276,1320660044.6124115,1307369669.616389,1306269417.578929,1311302150.9768605,1310281485.9634128,1315737485.2388954,1324715601.814652,1331542931.4857316,1344830122.4719274,1357673137.651373,1365380284.1102762,1375282108.3908117,1384818503.790911,1387558909.4664197,1392825119.9308982,1406247474.9132514,1406980567.2815342,1419846530.4448667,1437796085.7684546,1451504399.3305917,1461792783.5009322,1467335646.2803154,1472009728.4633372,1477102296.1588883,1476852454.8984408,1479017407.38067,1483071335.1279712,1487983139.3994184
refined petroleum and coke 19,0.0,0.0,0.0,0.0,0.0,43437662.807056725,43560922.00759268,43695806.65624302,40418693.86005031,52884358.08964289,55576752.88185689,58725734.96638729,61148728.07895794,60748928.9707399,59472100.39950556,59136400.27594361,58301473.463561885,59787770.63681689,60126486.0937585,60024769.49106765,61086922.793974176,61188252.144937,61896610.66912953,61214924.10493799,61261731.854554065,61370371.40507931,60755539.46698534,61310712.87533052,61055528.25020706,61459689.62001697,61653541.822263174,66181095.75864928,66151665.470556244,63330453.115662165,61607569.0912982,62234405.92497894
chemicals 20,0.0,0.0,0.0,0.0,0.0,1327173139.3590205,1333860456.4383574,1265877101.7545977,1376101667.673939,1490912810.6055562,1370586277.6147904,1285242311.2948606,1318881171.308156,1358135049.2414427,1398870702.4385176,1437860853.501417,1465911795.5694325,1494267165.5045044,1529579258.515707,1557472252.9890122,1582893580.4836462,1616391804.7223225,1648756740.021008,1675734195.3864944,1693255784.86173,1715866596.978712,1740895417.3189852,1789099134.3402598,1835235366.3200943,1870734696.3013313,1909793169.10177,1929267160.9952867,1934963937.904998,1941416560.3112946,1967782209.2442105,2001425886.76798
rubber and plastic products 22,0.0,0.0,0.0,0.0,0.0,0.0,0.0,0.0,0.0,0.0,0.0,0.0,0.0,0.0,0.0,0.0,0.0,0.0,0.0,0.0,0.0,0.0,0.0,0.0,0.0,0.0,0.0,0.0,0.0,0.0,0.0,0.0,0.0,0.0,0.0,0.0
glass and glass products 231,0.0,0.0,0.0,0.0,0.0,0.0,0.0,0.0,0.0,0.0,0.0,0.0,0.0,0.0,0.0,0.0,0.0,0.0,0.0,0.0,0.0,0.0,0.0,0.0,0.0,0.0,0.0,0.0,0.0,0.0,0.0,0.0,0.0,0.0,0.0,0.0
cement and other nonmetallic minerals 239,0.0,0.0,0.0,0.0,0.0,113285150.49440399,118552841.46473975,113042214.2857143,117838329.71372163,134067976.19948284,122015610.43836118,112958842.8732644,107350161.84814307,102774599.52736856,101396103.58951904,99827121.39926337,98431835.10218064,97176393.01294193,80619409.34632099,77539641.86275819,74111391.27565156,70843659.59033985,68812273.53709929,67088260.932980105,64307062.7081218,62510797.2446524,60566130.751038246,58885706.97113155,57626962.69771624,56692728.540899076,55229858.70958114,54287759.07299926,53447975.265745915,52550001.435510434,51915821.35418174,51442522.92810535
iron and steel 241,0.0,0.0,0.0,0.0,0.0,290046072.15595,293381480.94268256,346083610.4513064,336873017.6933158,326566272.93386215,304771838.94989276,274170479.90254736,262752714.07412553,266418148.91059387,267276158.13740656,264195228.9219199,258481231.9344734,248874835.28392217,248888431.95346743,253115311.67708588,254291027.7034078,256953413.6524203,259795754.81389642,262215634.41477895,265370883.92299223,267639494.4426027,268400126.99603313,271082704.95087415,276059086.3113973,278970375.53517586,279825330.38499415,279003528.3860066,275735196.2283002,271959049.21597004,272113321.54609454,274661034.33829945
other metals 242,0.0,0.0,0.0,0.0,0.0,6988214.513556619,7201182.615629984,7301579.8429319365,7931496.380846325,8196578.513897593,8105231.356109807,8069164.43264975,8245292.594033802,8544785.106921896,8790974.073345637,8998674.788118172,9117582.249603907,9136089.09060213,9131252.71024906,9153790.215366745,9209286.876387957,9296217.503337651,9390112.39351118,9463256.391375985,9517687.344951252,9612347.227421137,9684119.320152752,9740559.139841245,9832701.809453217,9929418.719677571,9978018.672901288,9994190.37772008,10006889.201295845,10030952.535229318,10055946.115246132,10053544.294251231
metal products except machinery and vehicles 25,0.0,0.0,0.0,0.0,0.0,0.0,0.0,0.0,0.0,0.0,0.0,0.0,0.0,0.0,0.0,0.0,0.0,0.0,0.0,0.0,0.0,0.0,0.0,0.0,0.0,0.0,0.0,0.0,0.0,0.0,0.0,0.0,0.0,0.0,0.0,0.0
computers and electronics 26,0.0,0.0,0.0,0.0,0.0,0.0,0.0,0.0,0.0,0.0,0.0,0.0,0.0,0.0,0.0,0.0,0.0,0.0,0.0,0.0,0.0,0.0,0.0,0.0,0.0,0.0,0.0,0.0,0.0,0.0,0.0,0.0,0.0,0.0,0.0,0.0
appliances and electrical equipment 27,0.0,0.0,0.0,0.0,0.0,0.0,0.0,0.0,0.0,0.0,0.0,0.0,0.0,0.0,0.0,0.0,0.0,0.0,0.0,0.0,0.0,0.0,0.0,0.0,0.0,0.0,0.0,0.0,0.0,0.0,0.0,0.0,0.0,0.0,0.0,0.0
other machinery 28,0.0,0.0,0.0,0.0,0.0,0.0,0.0,0.0,0.0,0.0,0.0,0.0,0.0,0.0,0.0,0.0,0.0,0.0,0.0,0.0,0.0,0.0,0.0,0.0,0.0,0.0,0.0,0.0,0.0,0.0,0.0,0.0,0.0,0.0,0.0,0.0
road vehicles 29,0.0,0.0,0.0,0.0,0.0,0.0,0.0,0.0,0.0,0.0,0.0,0.0,0.0,0.0,0.0,0.0,0.0,0.0,0.0,0.0,0.0,0.0,0.0,0.0,0.0,0.0,0.0,0.0,0.0,0.0,0.0,0.0,0.0,0.0,0.0,0.0
nonroad vehicles 30,0.0,0.0,0.0,0.0,0.0,0.0,0.0,0.0,0.0,0.0,0.0,0.0,0.0,0.0,0.0,0.0,0.0,0.0,0.0,0.0,0.0,0.0,0.0,0.0,0.0,0.0,0.0,0.0,0.0,0.0,0.0,0.0,0.0,0.0,0.0,0.0
other manufacturing 31T33,0.0,0.0,0.0,0.0,0.0,210385067.39130434,212144190.57971016,230664990.25125667,250790873.73736572,246705700.36029547,240028656.0082974,236634808.44586194,236149536.85112396,236997722.5921344,240545520.969757,244894821.15796638,249126445.4128846,256286515.93038625,262408179.30040306,268754512.2521565,274161177.0025804,277414019.2397526,281582468.3641717,287692753.02874154,291444220.4507383,297076704.008743,302571161.59445256,307225214.2954202,310902723.6569011,314532493.99147654,318720062.7675339,325978120.4746876,330510730.30476916,334431474.60892904,338765594.22260135,343199629.016694
energy pipelines and gas processing 352T353,0.0,0.0,0.0,0.0,0.0,1347904183.9847474,1342744569.494757,1549217862.2060285,1694040536.996337,1945468022.2808561,1981515845.4916587,1992788268.0667324,2123337221.1049118,2287362879.0684266,2313051967.3453794,2350066254.7622104,2322849370.291329,2274577618.2186604,2193011115.6126323,2138358961.7404847,2116045133.1677825,2113902985.8144214,2115713550.8678262,2089620502.5186765,2099149436.1464016,2088982969.7142997,2067563555.9309983,2065609724.6810083,2077341095.5191894,2087402102.8377724,2098750621.601171,2105843248.051511,2091846203.6723351,2083142268.2184398,2093476571.809567,2116823767.3253171
water and waste 36T39,0.0,0.0,0.0,0.0,0.0,0.0,0.0,0.0,0.0,0.0,0.0,0.0,0.0,0.0,0.0,0.0,0.0,0.0,0.0,0.0,0.0,0.0,0.0,0.0,0.0,0.0,0.0,0.0,0.0,0.0,0.0,0.0,0.0,0.0,0.0,0.0
construction 41T43,0.0,0.0,0.0,0.0,0.0,0.0,0.0,0.0,0.0,0.0,0.0,0.0,0.0,0.0,0.0,0.0,0.0,0.0,0.0,0.0,0.0,0.0,0.0,0.0,0.0,0.0,0.0,0.0,0.0,0.0,0.0,0.0,0.0,0.0,0.0,0.0
