Pollutant:,NOX,Unit: grams,,,,,,,,,,,,,,,,,,,,,,,,,,,,,,,,,,
,2015.0,2016.0,2017.0,2018.0,2019.0,2020.0,2021.0,2022.0,2023.0,2024.0,2025.0,2026.0,2027.0,2028.0,2029.0,2030.0,2031.0,2032.0,2033.0,2034.0,2035.0,2036.0,2037.0,2038.0,2039.0,2040.0,2041.0,2042.0,2043.0,2044.0,2045.0,2046.0,2047.0,2048.0,2049.0,2050.0
agriculture and forestry 01T03,0.0,0.0,0.0,0.0,0.0,82517.96157059315,83086.0484544695,83652.46449456975,88461.94225721784,90328.28881660294,91280.2911270345,92025.23074077076,92750.75764441575,93404.85397172898,94128.57668722028,94830.42049576619,94663.11119137057,94720.72266167284,94318.6455040371,94143.10889218273,93942.72589785623,93865.96060533547,93757.86237395463,93762.52290966698,93762.2157975439,93758.78707446181,93721.84056316034,93857.9035334641,93954.21017361963,94091.5156473434,94343.7027856697,95146.8332023997,95961.2247718472,96800.78555910972,97527.15188399621,98272.91245024954
coal mining 05,0.0,0.0,0.0,0.0,0.0,0.0,0.0,0.0,0.0,0.0,0.0,0.0,0.0,0.0,0.0,0.0,0.0,0.0,0.0,0.0,0.0,0.0,0.0,0.0,0.0,0.0,0.0,0.0,0.0,0.0,0.0,0.0,0.0,0.0,0.0,0.0
oil and gas extraction 06,0.0,0.0,0.0,0.0,0.0,4944555.63410302,5033872.4227353465,4769754.171145101,4785358.884868422,5177850.489536289,5267540.140536124,5084628.364523502,5185359.342139813,5348312.669210958,5463651.8206997765,5612271.616558707,5718496.267534609,5805804.546950541,5846883.423640463,5862922.709759657,5904327.661376889,5896983.923868078,5910530.487398422,5932961.100785334,5938357.42596971,6036401.780970406,6058761.476841211,6112221.244316283,6126737.016349464,6153368.338473412,6198316.777018109,6248083.585169918,6270808.765853838,6245438.070416104,6274024.004351835,6330449.03976062
other mining and quarrying 07T08,0.0,0.0,0.0,0.0,0.0,0.0,0.0,0.0,0.0,0.0,0.0,0.0,0.0,0.0,0.0,0.0,0.0,0.0,0.0,0.0,0.0,0.0,0.0,0.0,0.0,0.0,0.0,0.0,0.0,0.0,0.0,0.0,0.0,0.0,0.0,0.0
food beverage and tobacco 10T12,0.0,0.0,0.0,0.0,0.0,0.0,0.0,0.0,0.0,0.0,0.0,0.0,0.0,0.0,0.0,0.0,0.0,0.0,0.0,0.0,0.0,0.0,0.0,0.0,0.0,0.0,0.0,0.0,0.0,0.0,0.0,0.0,0.0,0.0,0.0,0.0
textiles apparel and leather 13T15,0.0,0.0,0.0,0.0,0.0,0.0,0.0,0.0,0.0,0.0,0.0,0.0,0.0,0.0,0.0,0.0,0.0,0.0,0.0,0.0,0.0,0.0,0.0,0.0,0.0,0.0,0.0,0.0,0.0,0.0,0.0,0.0,0.0,0.0,0.0,0.0
wood products 16,0.0,0.0,0.0,0.0,0.0,0.0,0.0,0.0,0.0,0.0,0.0,0.0,0.0,0.0,0.0,0.0,0.0,0.0,0.0,0.0,0.0,0.0,0.0,0.0,0.0,0.0,0.0,0.0,0.0,0.0,0.0,0.0,0.0,0.0,0.0,0.0
pulp paper and printing 17T18,0.0,0.0,0.0,0.0,0.0,638127274.6553552,647322921.5270413,685824401.7503426,710678896.7796236,703527026.7139757,702934954.6607993,705643189.4057047,705093945.042102,708029949.3240131,712861289.5385114,716535239.6503419,723685396.3238112,730596531.3250452,734743931.986614,740072341.5076742,745204104.9693192,746678783.0972327,749512657.4605657,756735549.1274692,757130043.7422291,764053527.6048824,773712614.5342487,781089387.3826376,786625814.0668935,789608561.6870112,792123797.5971447,794864230.6150236,794729785.0307351,795894797.97099,798076313.8810298,800719473.7578431
refined petroleum and coke 19,0.0,0.0,0.0,0.0,0.0,15931739.772219742,15976947.856185798,16026419.834710743,14824465.012577178,19396527.728655756,20384024.072189793,21538984.07408865,22427671.292616557,22281035.977968365,21812730.3828677,21689604.812464718,21383376.626045045,21928509.542004727,22052741.053741258,22015434.20204017,22405002.814312775,22442167.632733095,22701974.05286663,22451950.17393101,22469117.9688356,22508963.967355996,22283460.526140187,22487082.859816372,22393488.15930504,22541723.43150181,22612823.086521838,24273405.31995348,24262611.09989144,23227868.01806427,22595961.553487588,22825868.06015675
chemicals 20,0.0,0.0,0.0,0.0,0.0,151169687.0003601,18183351.17221235,13307397.504037343,14885063.315798346,26621349.019862585,14297615.078923078,6604308.6833574865,11579606.996784477,16672799.620657811,21254126.582225583,24753591.789810926,27275984.432972398,29322932.93909031,33706282.79787212,37531045.00948713,40512957.922943644,44843041.75059553,48805863.75478641,51771955.00951974,54457014.148987345,56918747.48700722,59189236.70761794,63620757.14889893,68870400.74093597,72905070.07465313,77740057.35813214,79474620.58081166,81005735.37016024,82040558.89033136,84530407.89830938,87911251.30344455
rubber and plastic products 22,0.0,0.0,0.0,0.0,0.0,0.0,0.0,0.0,0.0,0.0,0.0,0.0,0.0,0.0,0.0,0.0,0.0,0.0,0.0,0.0,0.0,0.0,0.0,0.0,0.0,0.0,0.0,0.0,0.0,0.0,0.0,0.0,0.0,0.0,0.0,0.0
glass and glass products 231,0.0,0.0,0.0,0.0,0.0,0.0,0.0,0.0,0.0,0.0,0.0,0.0,0.0,0.0,0.0,0.0,0.0,0.0,0.0,0.0,0.0,0.0,0.0,0.0,0.0,0.0,0.0,0.0,0.0,0.0,0.0,0.0,0.0,0.0,0.0,0.0
cement and other nonmetallic minerals 239,0.0,0.0,0.0,0.0,0.0,2204329891.3397803,2306829897.8593936,2199602779.7619047,2292926755.1826262,2608727146.657661,2374209295.088819,2197980518.629317,2088845445.0498712,1999813045.398609,1972989937.6247241,1942460302.223558,1915310483.5737762,1890881787.3847604,1568711989.7769084,1508785128.2883046,1442077398.1826224,1378493083.7391639,1338965881.9967778,1305419627.2606444,1251302398.7091484,1216350230.3390977,1178510438.7878447,1145812345.9486647,1121319395.0602849,1103140840.6037197,1074675965.1788275,1056344362.3123043,1040003645.629555,1022530653.3883814,1010190623.7934684,1000981068.4053963
iron and steel 241,0.0,0.0,0.0,0.0,0.0,1395797701.4838524,1411848792.5516438,1665468883.6104512,1621144462.6474442,1571544995.4383478,1466662965.3737943,1319399096.9025779,1264453028.5730498,1282092314.2274008,1286221338.6190608,1271394887.478228,1243897242.7003486,1197668082.3993182,1197733514.0735278,1218074658.3573334,1223732593.025918,1236544875.4349577,1250223161.8896973,1261868423.4844258,1277052528.4731128,1287969833.180248,1291630248.788914,1304539701.8133461,1328487696.051279,1342497783.4029183,1346612109.1215131,1342657325.8943677,1326929029.767125,1308756960.477935,1309499369.9930506,1321759807.2158947
other metals 242,0.0,0.0,0.0,0.0,0.0,8687406.06060606,8952157.575757576,9076966.492146596,9860047.884187084,10189585.010553272,10076026.697389686,10031190.064391889,10250143.969381914,10622458.394836782,10928508.461676443,11186711.818886893,11334531.751941107,11357538.550364193,11351526.199153574,11379543.72182271,11448534.453055091,11556602.351364456,11673327.880663974,11764256.916845532,11831922.812770307,11949599.34302991,12038822.893933995,12108986.113833744,12223533.36833983,12343767.09476826,12404184.17660825,12424288.04808794,12440074.603678163,12469988.96200911,12501059.756715415,12498073.930475086
metal products except machinery and vehicles 25,0.0,0.0,0.0,0.0,0.0,0.0,0.0,0.0,0.0,0.0,0.0,0.0,0.0,0.0,0.0,0.0,0.0,0.0,0.0,0.0,0.0,0.0,0.0,0.0,0.0,0.0,0.0,0.0,0.0,0.0,0.0,0.0,0.0,0.0,0.0,0.0
computers and electronics 26,0.0,0.0,0.0,0.0,0.0,0.0,0.0,0.0,0.0,0.0,0.0,0.0,0.0,0.0,0.0,0.0,0.0,0.0,0.0,0.0,0.0,0.0,0.0,0.0,0.0,0.0,0.0,0.0,0.0,0.0,0.0,0.0,0.0,0.0,0.0,0.0
appliances and electrical equipment 27,0.0,0.0,0.0,0.0,0.0,0.0,0.0,0.0,0.0,0.0,0.0,0.0,0.0,0.0,0.0,0.0,0.0,0.0,0.0,0.0,0.0,0.0,0.0,0.0,0.0,0.0,0.0,0.0,0.0,0.0,0.0,0.0,0.0,0.0,0.0,0.0
other machinery 28,0.0,0.0,0.0,0.0,0.0,0.0,0.0,0.0,0.0,0.0,0.0,0.0,0.0,0.0,0.0,0.0,0.0,0.0,0.0,0.0,0.0,0.0,0.0,0.0,0.0,0.0,0.0,0.0,0.0,0.0,0.0,0.0,0.0,0.0,0.0,0.0
road vehicles 29,0.0,0.0,0.0,0.0,0.0,0.0,0.0,0.0,0.0,0.0,0.0,0.0,0.0,0.0,0.0,0.0,0.0,0.0,0.0,0.0,0.0,0.0,0.0,0.0,0.0,0.0,0.0,0.0,0.0,0.0,0.0,0.0,0.0,0.0,0.0,0.0
nonroad vehicles 30,0.0,0.0,0.0,0.0,0.0,0.0,0.0,0.0,0.0,0.0,0.0,0.0,0.0,0.0,0.0,0.0,0.0,0.0,0.0,0.0,0.0,0.0,0.0,0.0,0.0,0.0,0.0,0.0,0.0,0.0,0.0,0.0,0.0,0.0,0.0,0.0
other manufacturing 31T33,0.0,0.0,0.0,0.0,0.0,143620838.75236297,144821716.50913674,157465070.0331042,171204145.25716075,168415373.05893052,163857241.99900562,161540408.20676675,161209134.15617386,161788154.08877745,164210083.48251492,167179163.69700855,170067911.6120202,174955783.86455512,179134780.20998567,183467148.81786475,187158046.351312,189378621.87135527,192224242.84136513,196395471.433882,198956436.9262533,202801491.24921498,206552321.1761375,209729442.82644677,212239920.33117002,214717808.45504785,217576481.58906803,222531245.4824372,225625463.3069502,228301986.8477091,231260703.9367453,234287628.8230078
energy pipelines and gas processing 352T353,0.0,0.0,0.0,0.0,0.0,14558385.128693994,14502657.38798856,16732725.184939824,18296919.658119656,21012526.75111796,21401870.51871612,21523621.212223247,22933648.689739484,24705249.911838897,24982711.503830764,25382493.816164974,25088530.869215075,24567159.42021994,23686179.4717575,23095894.85536049,22854888.622189876,22831751.80983839,22851307.28244632,22569482.61600338,22672402.309603617,22562596.779303286,22331250.902650315,22310148.04671158,22436855.72874049,22545522.22081528,22668094.81073732,22744700.543299668,22593521.872622162,22499512.783564724,22611131.08218274,22863298.46027366
water and waste 36T39,0.0,0.0,0.0,0.0,0.0,0.0,0.0,0.0,0.0,0.0,0.0,0.0,0.0,0.0,0.0,0.0,0.0,0.0,0.0,0.0,0.0,0.0,0.0,0.0,0.0,0.0,0.0,0.0,0.0,0.0,0.0,0.0,0.0,0.0,0.0,0.0
construction 41T43,0.0,0.0,0.0,0.0,0.0,0.0,0.0,0.0,0.0,0.0,0.0,0.0,0.0,0.0,0.0,0.0,0.0,0.0,0.0,0.0,0.0,0.0,0.0,0.0,0.0,0.0,0.0,0.0,0.0,0.0,0.0,0.0,0.0,0.0,0.0,0.0
